{
  "01 - Reservar-1" : {
    "transaction" : "01 - Reservar-1",
    "sampleCount" : 1085,
    "errorCount" : 0,
    "errorPct" : 0.0,
    "meanResTime" : 291.543778801844,
    "medianResTime" : 287.0,
    "minResTime" : 251.0,
    "maxResTime" : 554.0,
    "pct1ResTime" : 325.0,
    "pct2ResTime" : 336.0,
    "pct3ResTime" : 375.2800000000002,
    "throughput" : 27.931522718496588,
    "receivedKBytesPerSec" : 198.14044600334665,
    "sentKBytesPerSec" : 3.4368865845025103
  },
  "02 - Confirmar-0" : {
    "transaction" : "02 - Confirmar-0",
    "sampleCount" : 1027,
    "errorCount" : 0,
    "errorPct" : 0.0,
    "meanResTime" : 138.5851996105159,
    "medianResTime" : 134.0,
    "minResTime" : 129.0,
    "maxResTime" : 198.0,
    "pct1ResTime" : 151.0,
    "pct2ResTime" : 152.0,
    "pct3ResTime" : 160.44000000000005,
    "throughput" : 26.884112981335566,
    "receivedKBytesPerSec" : 6.774967850972487,
    "sentKBytesPerSec" : 5.644613565417136
  },
  "02 - Confirmar-1" : {
    "transaction" : "02 - Confirmar-1",
    "sampleCount" : 1027,
    "errorCount" : 0,
    "errorPct" : 0.0,
    "meanResTime" : 292.09444985394396,
    "medianResTime" : 287.0,
    "minResTime" : 251.0,
    "maxResTime" : 506.0,
    "pct1ResTime" : 323.0,
    "pct2ResTime" : 339.5999999999999,
    "pct3ResTime" : 374.0,
    "throughput" : 26.76639995829967,
    "receivedKBytesPerSec" : 151.58174669818084,
    "sentKBytesPerSec" : 3.4242171821652896
  },
  "00 - Home" : {
    "transaction" : "00 - Home",
    "sampleCount" : 1227,
    "errorCount" : 0,
    "errorPct" : 0.0,
    "meanResTime" : 288.2599837000816,
    "medianResTime" : 283.0,
    "minResTime" : 248.0,
    "maxResTime" : 602.0,
    "pct1ResTime" : 320.0,
    "pct2ResTime" : 333.5999999999999,
    "pct3ResTime" : 376.72,
    "throughput" : 29.38640609282943,
    "receivedKBytesPerSec" : 137.06274773075634,
    "sentKBytesPerSec" : 3.3002311530033053
  },
  "Total" : {
    "transaction" : "Total",
    "sampleCount" : 7763,
    "errorCount" : 200,
    "errorPct" : 2.5763235,
    "meanResTime" : 3751.8070333633927,
    "medianResTime" : 287.0,
    "minResTime" : 128.0,
    "maxResTime" : 136504.0,
    "pct1ResTime" : 442.0,
    "pct2ResTime" : 468.0,
    "pct3ResTime" : 135290.72,
    "throughput" : 43.14455621630634,
    "receivedKBytesPerSec" : 190.35134757266715,
    "sentKBytesPerSec" : 8.580317041696771
  },
  "02 - Confirmar" : {
    "transaction" : "02 - Confirmar",
    "sampleCount" : 1085,
    "errorCount" : 58,
    "errorPct" : 5.345622,
    "meanResTime" : 7636.566820276499,
    "medianResTime" : 429.0,
    "minResTime" : 381.0,
    "maxResTime" : 136479.0,
    "pct1ResTime" : 482.4,
    "pct2ResTime" : 134303.9,
    "pct3ResTime" : 136062.84,
    "throughput" : 6.206277206088443,
    "receivedKBytesPerSec" : 35.49083506067565,
    "sentKBytesPerSec" : 1.9849428958146238
  },
  "01 - Reservar" : {
    "transaction" : "01 - Reservar",
    "sampleCount" : 1227,
    "errorCount" : 142,
    "errorPct" : 11.572942,
    "meanResTime" : 15955.451507742458,
    "medianResTime" : 428.0,
    "minResTime" : 383.0,
    "maxResTime" : 136504.0,
    "pct1ResTime" : 132899.4,
    "pct2ResTime" : 134910.6,
    "pct3ResTime" : 136323.04,
    "throughput" : 6.8422490757108525,
    "receivedKBytesPerSec" : 46.18722340159318,
    "sentKBytesPerSec" : 1.9852873521555594
  },
  "01 - Reservar-0" : {
    "transaction" : "01 - Reservar-0",
    "sampleCount" : 1085,
    "errorCount" : 0,
    "errorPct" : 0.0,
    "meanResTime" : 138.18986175115216,
    "medianResTime" : 134.0,
    "minResTime" : 128.0,
    "maxResTime" : 190.0,
    "pct1ResTime" : 151.0,
    "pct2ResTime" : 152.0,
    "pct3ResTime" : 157.1400000000001,
    "throughput" : 28.03979842356894,
    "receivedKBytesPerSec" : 6.9299217033854505,
    "sentKBytesPerSec" : 5.750349286083473
  }
}