{
  "01 - Reservar-1" : {
    "transaction" : "01 - Reservar-1",
    "sampleCount" : 1095,
    "errorCount" : 0,
    "errorPct" : 0.0,
    "meanResTime" : 312.17625570776266,
    "medianResTime" : 296.0,
    "minResTime" : 252.0,
    "maxResTime" : 620.0,
    "pct1ResTime" : 388.4,
    "pct2ResTime" : 437.0,
    "pct3ResTime" : 522.1599999999999,
    "throughput" : 26.659200467448994,
    "receivedKBytesPerSec" : 189.11474944612164,
    "sentKBytesPerSec" : 3.280331307518138
  },
  "02 - Confirmar-0" : {
    "transaction" : "02 - Confirmar-0",
    "sampleCount" : 1040,
    "errorCount" : 0,
    "errorPct" : 0.0,
    "meanResTime" : 138.5374999999998,
    "medianResTime" : 134.0,
    "minResTime" : 129.0,
    "maxResTime" : 272.0,
    "pct1ResTime" : 151.0,
    "pct2ResTime" : 152.0,
    "pct3ResTime" : 157.0,
    "throughput" : 25.764257048010702,
    "receivedKBytesPerSec" : 6.49206247213001,
    "sentKBytesPerSec" : 5.409487563791309
  },
  "02 - Confirmar-1" : {
    "transaction" : "02 - Confirmar-1",
    "sampleCount" : 1040,
    "errorCount" : 0,
    "errorPct" : 0.0,
    "meanResTime" : 314.77884615384664,
    "medianResTime" : 297.0,
    "minResTime" : 250.0,
    "maxResTime" : 719.0,
    "pct1ResTime" : 384.9,
    "pct2ResTime" : 438.94999999999993,
    "pct3ResTime" : 541.0299999999986,
    "throughput" : 25.677744308923014,
    "receivedKBytesPerSec" : 145.41662294454594,
    "sentKBytesPerSec" : 3.2849458051454246
  },
  "00 - Home" : {
    "transaction" : "00 - Home",
    "sampleCount" : 1240,
    "errorCount" : 0,
    "errorPct" : 0.0,
    "meanResTime" : 308.27741935483914,
    "medianResTime" : 290.0,
    "minResTime" : 251.0,
    "maxResTime" : 660.0,
    "pct1ResTime" : 382.9000000000001,
    "pct2ResTime" : 424.0,
    "pct3ResTime" : 534.3599999999997,
    "throughput" : 28.21067000341258,
    "receivedKBytesPerSec" : 131.57721675577295,
    "sentKBytesPerSec" : 3.168190478898874
  },
  "Total" : {
    "transaction" : "Total",
    "sampleCount" : 7845,
    "errorCount" : 200,
    "errorPct" : 2.5493946,
    "meanResTime" : 3722.7138304652667,
    "medianResTime" : 297.0,
    "minResTime" : 129.0,
    "maxResTime" : 136488.0,
    "pct1ResTime" : 469.0,
    "pct2ResTime" : 545.0,
    "pct3ResTime" : 135147.24,
    "throughput" : 43.28681862574697,
    "receivedKBytesPerSec" : 190.97479789483702,
    "sentKBytesPerSec" : 8.61136803176022
  },
  "02 - Confirmar" : {
    "transaction" : "02 - Confirmar",
    "sampleCount" : 1095,
    "errorCount" : 55,
    "errorPct" : 5.022831,
    "meanResTime" : 7190.315068493148,
    "medianResTime" : 439.0,
    "minResTime" : 383.0,
    "maxResTime" : 136414.0,
    "pct1ResTime" : 572.0,
    "pct2ResTime" : 132414.4,
    "pct3ResTime" : 135994.72,
    "throughput" : 6.218093231648107,
    "receivedKBytesPerSec" : 35.63208430520616,
    "sentKBytesPerSec" : 1.9955039494829614
  },
  "01 - Reservar" : {
    "transaction" : "01 - Reservar",
    "sampleCount" : 1240,
    "errorCount" : 145,
    "errorPct" : 11.693548,
    "meanResTime" : 16115.791129032268,
    "medianResTime" : 441.0,
    "minResTime" : 385.0,
    "maxResTime" : 136488.0,
    "pct1ResTime" : 133009.6,
    "pct2ResTime" : 134765.05000000002,
    "pct3ResTime" : 136158.5,
    "throughput" : 6.865355974243842,
    "receivedKBytesPerSec" : 46.30065579029106,
    "sentKBytesPerSec" : 1.9892749575067685
  },
  "01 - Reservar-0" : {
    "transaction" : "01 - Reservar-0",
    "sampleCount" : 1095,
    "errorCount" : 0,
    "errorPct" : 0.0,
    "meanResTime" : 138.96621004566214,
    "medianResTime" : 135.0,
    "minResTime" : 129.0,
    "maxResTime" : 274.0,
    "pct1ResTime" : 151.0,
    "pct2ResTime" : 153.0,
    "pct3ResTime" : 160.03999999999996,
    "throughput" : 26.769343601026772,
    "receivedKBytesPerSec" : 6.614769549871654,
    "sentKBytesPerSec" : 5.4898067931793175
  }
}