{
  "01 - Reservar-1" : {
    "transaction" : "01 - Reservar-1",
    "sampleCount" : 1085,
    "errorCount" : 0,
    "errorPct" : 0.0,
    "meanResTime" : 289.7769585253453,
    "medianResTime" : 281.0,
    "minResTime" : 246.0,
    "maxResTime" : 1472.0,
    "pct1ResTime" : 319.4,
    "pct2ResTime" : 337.0,
    "pct3ResTime" : 402.1400000000001,
    "throughput" : 25.307302964569775,
    "receivedKBytesPerSec" : 179.52541153523197,
    "sentKBytesPerSec" : 3.113984544468547
  },
  "02 - Confirmar-0" : {
    "transaction" : "02 - Confirmar-0",
    "sampleCount" : 1013,
    "errorCount" : 0,
    "errorPct" : 0.0,
    "meanResTime" : 139.11648568608072,
    "medianResTime" : 133.0,
    "minResTime" : 128.0,
    "maxResTime" : 207.0,
    "pct1ResTime" : 151.0,
    "pct2ResTime" : 159.0,
    "pct3ResTime" : 192.72000000000003,
    "throughput" : 23.522582143271798,
    "receivedKBytesPerSec" : 5.928311491350285,
    "sentKBytesPerSec" : 4.938823399222106
  },
  "02 - Confirmar-1" : {
    "transaction" : "02 - Confirmar-1",
    "sampleCount" : 1013,
    "errorCount" : 0,
    "errorPct" : 0.0,
    "meanResTime" : 290.7127344521222,
    "medianResTime" : 284.0,
    "minResTime" : 248.0,
    "maxResTime" : 1278.0,
    "pct1ResTime" : 320.0,
    "pct2ResTime" : 340.0,
    "pct3ResTime" : 442.72,
    "throughput" : 23.449074074074073,
    "receivedKBytesPerSec" : 132.79574924045139,
    "sentKBytesPerSec" : 2.999832718460648
  },
  "00 - Home" : {
    "transaction" : "00 - Home",
    "sampleCount" : 1213,
    "errorCount" : 0,
    "errorPct" : 0.0,
    "meanResTime" : 283.4905193734541,
    "medianResTime" : 276.0,
    "minResTime" : 245.0,
    "maxResTime" : 1061.0,
    "pct1ResTime" : 310.0,
    "pct2ResTime" : 329.5999999999999,
    "pct3ResTime" : 407.2999999999995,
    "throughput" : 25.998242493087854,
    "receivedKBytesPerSec" : 121.25893488651222,
    "sentKBytesPerSec" : 2.9197244987354525
  },
  "Total" : {
    "transaction" : "Total",
    "sampleCount" : 7707,
    "errorCount" : 200,
    "errorPct" : 2.5950434,
    "meanResTime" : 3776.419488776437,
    "medianResTime" : 282.0,
    "minResTime" : 128.0,
    "maxResTime" : 136503.0,
    "pct1ResTime" : 439.0,
    "pct2ResTime" : 469.0,
    "pct3ResTime" : 135434.84,
    "throughput" : 42.04467963230681,
    "receivedKBytesPerSec" : 185.5872683164671,
    "sentKBytesPerSec" : 8.362146380008728
  },
  "02 - Confirmar" : {
    "transaction" : "02 - Confirmar",
    "sampleCount" : 1085,
    "errorCount" : 72,
    "errorPct" : 6.635945,
    "meanResTime" : 9371.613824884791,
    "medianResTime" : 425.0,
    "minResTime" : 381.0,
    "maxResTime" : 136494.0,
    "pct1ResTime" : 490.4,
    "pct2ResTime" : 134603.5,
    "pct3ResTime" : 136192.52,
    "throughput" : 6.089997249678661,
    "receivedKBytesPerSec" : 34.53710429927145,
    "sentKBytesPerSec" : 1.9212016273202328
  },
  "01 - Reservar" : {
    "transaction" : "01 - Reservar",
    "sampleCount" : 1213,
    "errorCount" : 128,
    "errorPct" : 10.552349,
    "meanResTime" : 14585.502885408072,
    "medianResTime" : 423.0,
    "minResTime" : 377.0,
    "maxResTime" : 136503.0,
    "pct1ResTime" : 132583.2,
    "pct2ResTime" : 134727.9,
    "pct3ResTime" : 136277.26,
    "throughput" : 6.638645344191596,
    "receivedKBytesPerSec" : 45.158733548760935,
    "sentKBytesPerSec" : 1.9484430926345517
  },
  "01 - Reservar-0" : {
    "transaction" : "01 - Reservar-0",
    "sampleCount" : 1085,
    "errorCount" : 0,
    "errorPct" : 0.0,
    "meanResTime" : 138.9400921658986,
    "medianResTime" : 133.0,
    "minResTime" : 128.0,
    "maxResTime" : 257.0,
    "pct1ResTime" : 151.0,
    "pct2ResTime" : 160.0,
    "pct3ResTime" : 185.4200000000003,
    "throughput" : 25.36172599985975,
    "receivedKBytesPerSec" : 6.267864421413712,
    "sentKBytesPerSec" : 5.201135214814988
  }
}